Model,MAE,MSE,RMSE,R2
Linear Regression,1.0430402893889776,1.5647791555084853,1.2509113299944505,-2.2647690916372696
Decision Tree,0.8086583519859281,1.223567314486168,1.106149770368447,-1.5528616839057823
Random Forest,0.26611175197883374,0.11621721848874096,0.3409064658945925,0.7575233658357361
Support Vector Regression,0.3914559230725255,0.272530792277716,0.5220448182653631,0.4313893407798023
